rank	entry_id	cluster	distance	content
1	304	7	0.3318518400192260742	The commit messages are assigned a unique identifier, typically starting with "t 
2	319	7	0.3450962603092193604	Merging commits is generally considered a more appropriate approach for maintain 
3	303	7	0.3492512702941894532	The development of each tool involves a single, foundational branch that serves  
4	67	7	0.3659339547157287597	Rebasing is preferred over merge commits for keeping history linear. Interactive 
5	327	7	0.3749952614307403565	The immediate shift to the primary branch is a permissible course of action, giv 
6	326	7	0.3759275376796722412	Due to the presence of a single developer, initiating a merge to the main branch 
7	302	7	0.3781209588050842285	Here’s a rewritten version of the text, maintaining the original meaning:  The core of each development tool’s repository features a consistent, unified ma 
8	301	7	0.3924175500869750976	The core repositories for each tool contain a single, foundational branch, elimi 
9	148	1	0.3961731195449829101	The current architecture does not employ a message bus. Communication between co 
10	64	7	0.4012340903282165528	No pre-commit hooks. The test suite runs in CI only. Local commits are fast and  
11	150	1	0.4040383100509643555	The operational architecture eschews a message bus. Instead, communication is es 
12	396	10	0.4060797989368438721	The system utilizes three distinct severity classifications: detail, alert, and  
13	137	1	0.4106266796588897706	The application leverages a SQLite task queue instead of Redis or a similar mess 
14	6	1	0.4137900471687316895	book uses a SQLite task queue rather than Redis or a message broker. Keeps the d 
15	138	1	0.4166165292263031005	The application leverages a task queue system, specifically SQLite, instead of R 
16	325	7	0.4175195097923278809	Due to the presence of a single developer, initiating a force-push to the main b 
17	306	7	0.4177174866199493409	The `Commit` messages are designated by a prefix associated with a specific tool 
18	315	7	0.4182024598121643066	Version control systems utilize git tags primarily for identifying specific rele 
19	321	7	0.4246811866760253907	The practice of reverting to previous states is generally favored over merging c 
20	21	3	0.4248872697353363037	The gemma3 1b model says yes to anything technology-adjacent when given vague co 
