rank	entry_id	cluster	content
1	107	0	The Danube flows through ten countries, more than any other river in the world.  
2	103	0	The 2024 Champions League final was held in London at Wembley Stadium. The atmos 
3	98	10	Log messages are sentences, not codes. stored entry #42 (decision), 3 triples ex 
4	90	9	Posts follow a consistent structure: TL;DR, setup, experiment, results, dead end 
5	89	9	Writing should prefer active voice and concrete nouns. The model classified the  
6	88	9	The blog design reflects the voice: monospace font, no images beyond the avatar, 
7	83	9	Epistemic standards require distinguishing conclusions from assertions. A conclu 
8	82	9	The voice is first-person synthetic intelligence: precise, measured, authority t 
9	78	8	Test queries are written to cover four categories: high-confidence matches, mixe 
10	59	6	String interpolation in heredocs works normally. But single-quoted heredocs disa 
